status,study,task,model,method,seed,run_mode,experiment_id,variant,run_signature,train_rows,validation_rows,test_rows,epochs_requested,learning_rate,class_weighting,train_seconds,trainable_params,total_params,trainable_parameter_ratio,test_loss,test_accuracy,test_macro_f1,test_macro_precision,test_macro_recall,true_label_counts,predicted_label_counts,predicted_class_count,predicted_class_coverage,majority_prediction_rate,normalized_prediction_entropy,constant_prediction_collapse,near_constant_prediction,epochs_completed,global_step,best_validation_macro_f1
COMPLETE,study2,finance_sentiment,FacebookAI/roberta-base,adapter,42,FOLLOWUP,collapse_followup_v2_pilot,baseline,db58d6376e4424cc37e125a1f5e27b9c2e9836aa25a37e9e5317472742e72206,1024,484,484,2,0.0001,none,15.28225674998248,1782531,125837571,0.0141653322281625,0.94439768791198719,0.59297520661157022,0.24816255944660601,0.19765840220385661,0.33333333333333331,"[61, 287, 136]","[0, 484, 0]",1,0.33333333333333331,1,-0,True,True,2,32,0.2487046632124352
COMPLETE,study2,finance_sentiment,FacebookAI/roberta-base,adapter,52,FOLLOWUP,collapse_followup_v2_pilot,baseline,22400f68ce25709a816bdcc77652027aebf88b8ace83b21973e890854943dd69,1024,484,484,2,0.0001,none,15.397148541000206,1782531,125837571,0.0141653322281625,0.94057893753051758,0.59297520661157022,0.24816255944660601,0.19765840220385661,0.33333333333333331,"[61, 287, 136]","[0, 484, 0]",1,0.33333333333333331,1,-0,True,True,2,32,0.2487046632124352
COMPLETE,study2,finance_sentiment,FacebookAI/roberta-base,adapter,62,FOLLOWUP,collapse_followup_v2_pilot,baseline,cddde2b37b96c5e4cc809d1943a054dbb71cb5fc6d326fe9362badf25e2c15ad,1024,484,484,2,0.0001,none,15.3333710830193,1782531,125837571,0.0141653322281625,0.94201862812042236,0.59297520661157022,0.24816255944660601,0.19765840220385661,0.33333333333333331,"[61, 287, 136]","[0, 484, 0]",1,0.33333333333333331,1,-0,True,True,2,32,0.2487046632124352
COMPLETE,study2,finance_sentiment,FacebookAI/roberta-base,adapter,72,FOLLOWUP,collapse_followup_v2_pilot,baseline,04715dd607c1b0bc7a3820eae01a96c80eb43e72acb2c13f1eeb5c2b8b00c4d0,1024,484,484,2,0.0001,none,15.556925999990201,1782531,125837571,0.0141653322281625,0.93558394908904996,0.59297520661157022,0.24816255944660601,0.19765840220385661,0.33333333333333331,"[61, 287, 136]","[0, 484, 0]",1,0.33333333333333331,1,-0,True,True,2,32,0.2487046632124352
COMPLETE,study2,finance_sentiment,FacebookAI/roberta-base,adapter,82,FOLLOWUP,collapse_followup_v2_pilot,baseline,af967fa57cfbe3853bb09b8e677886eaa671ce8aa07479cb75f833e0786f120c,1024,484,484,2,0.0001,none,15.41556291701272,1782531,125837571,0.0141653322281625,0.93508082628250122,0.59297520661157022,0.24816255944660601,0.19765840220385661,0.33333333333333331,"[61, 287, 136]","[0, 484, 0]",1,0.33333333333333331,1,-0,True,True,2,32,0.2487046632124352
COMPLETE,study2,finance_sentiment,FacebookAI/roberta-base,bitfit,42,FOLLOWUP,collapse_followup_v2_pilot,baseline,a6760f39ece51e6ea7648f86216e3fab8d7a97b33f18a7119ec6398e5220d7d5,1024,484,484,2,0.0001,none,19.015192333026789,695043,124647939,0.0055760488747431001,0.95781034231185924,0.59297520661157022,0.24816255944660601,0.19765840220385661,0.33333333333333331,"[61, 287, 136]","[0, 484, 0]",1,0.33333333333333331,1,-0,True,True,2,32,0.2487046632124352
COMPLETE,study2,finance_sentiment,FacebookAI/roberta-base,bitfit,52,FOLLOWUP,collapse_followup_v2_pilot,baseline,a14a958f0cd681c1c49f763fe3e1775ab86bbf7129f1abdb8557546120b5a1f7,1024,484,484,2,0.0001,none,18.558828250039369,695043,124647939,0.0055760488747431001,0.94942134618759155,0.59297520661157022,0.24816255944660601,0.19765840220385661,0.33333333333333331,"[61, 287, 136]","[0, 484, 0]",1,0.33333333333333331,1,-0,True,True,2,32,0.2487046632124352
COMPLETE,study2,finance_sentiment,FacebookAI/roberta-base,bitfit,62,FOLLOWUP,collapse_followup_v2_pilot,baseline,66cccbd7c8ec7b0d7aabe135d157ccc7f727569e2723d217a47b9787b1a70b2e,1024,484,484,2,0.0001,none,18.580972041992936,695043,124647939,0.0055760488747431001,0.95719015598297119,0.59297520661157022,0.24816255944660601,0.19765840220385661,0.33333333333333331,"[61, 287, 136]","[0, 484, 0]",1,0.33333333333333331,1,-0,True,True,2,32,0.2487046632124352
COMPLETE,study2,finance_sentiment,FacebookAI/roberta-base,bitfit,72,FOLLOWUP,collapse_followup_v2_pilot,baseline,d827a12463a13deb42c9827757e0e96185889e2c45b699f94f84a9aeb5c85142,1024,484,484,2,0.0001,none,18.689279082987923,695043,124647939,0.0055760488747431001,0.94378167390823364,0.59297520661157022,0.24816255944660601,0.19765840220385661,0.33333333333333331,"[61, 287, 136]","[0, 484, 0]",1,0.33333333333333331,1,-0,True,True,2,32,0.2487046632124352
COMPLETE,study2,finance_sentiment,FacebookAI/roberta-base,bitfit,82,FOLLOWUP,collapse_followup_v2_pilot,baseline,b479bb9613e11e5fb20b7c934c0ab375b77a17d86e48e4eb3d95ddec6f39315d,1024,484,484,2,0.0001,none,18.6316000840161,695043,124647939,0.0055760488747431001,0.94207239151000965,0.59297520661157022,0.24816255944660601,0.19765840220385661,0.33333333333333331,"[61, 287, 136]","[0, 484, 0]",1,0.33333333333333331,1,-0,True,True,2,32,0.2487046632124352
COMPLETE,study2,tweet_emotion,FacebookAI/roberta-base,bitfit,42,FOLLOWUP,collapse_followup_v2_pilot,baseline,8062d0c8316a17782a6dc9c6ad0ec81526f4eda199ee1ead9b24f8069822ab52,1024,374,1421,2,0.0001,none,14.692035417014267,695812,124648708,0.0055821838121257001,1.2979813814163208,0.39268121041520032,0.14098029307731161,0.0981703026037999,0.25,"[558, 358, 123, 382]","[1421, 0, 0, 0]",1,0.25,1,-0,True,True,2,32,0.14981273408239701
COMPLETE,study2,tweet_emotion,FacebookAI/roberta-base,bitfit,52,FOLLOWUP,collapse_followup_v2_pilot,baseline,099845e5238c1c0f6779da1600bf6dbddf6ccb849fdb18351f65a0039e24e8fa,1024,374,1421,2,0.0001,none,14.061976958997548,695812,124648708,0.0055821838121257001,1.2979310750961304,0.39268121041520032,0.14098029307731161,0.0981703026037999,0.25,"[558, 358, 123, 382]","[1421, 0, 0, 0]",1,0.25,1,-0,True,True,2,32,0.14981273408239701
COMPLETE,study2,tweet_emotion,FacebookAI/roberta-base,bitfit,62,FOLLOWUP,collapse_followup_v2_pilot,baseline,97a926ba21f09d3dcfb763bbc9349dfc14ac41a75d924977d6de12a9b707d80a,1024,374,1421,2,0.0001,none,14.214851166994777,695812,124648708,0.0055821838121257001,1.2976263761520386,0.39268121041520032,0.14098029307731161,0.0981703026037999,0.25,"[558, 358, 123, 382]","[1421, 0, 0, 0]",1,0.25,1,-0,True,True,2,32,0.14981273408239701
COMPLETE,study2,tweet_emotion,FacebookAI/roberta-base,bitfit,72,FOLLOWUP,collapse_followup_v2_pilot,baseline,2a3597a9feb699d5b83d6dbede3be85b2700bb60f169d10e7905e11d93e2ff7f,1024,374,1421,2,0.0001,none,14.05897879099939,695812,124648708,0.0055821838121257001,1.2935500144958496,0.39268121041520032,0.14098029307731161,0.0981703026037999,0.25,"[558, 358, 123, 382]","[1421, 0, 0, 0]",1,0.25,1,-0,True,True,2,32,0.14981273408239701
COMPLETE,study2,tweet_emotion,FacebookAI/roberta-base,bitfit,82,FOLLOWUP,collapse_followup_v2_pilot,baseline,e027f134e0a6267937d501f5098a184afaf9adc2e916d0bb1b30570f7dfc62ab,1024,374,1421,2,0.0001,none,14.038482500007376,695812,124648708,0.0055821838121257001,1.2899792194366455,0.39268121041520032,0.14098029307731161,0.0981703026037999,0.25,"[558, 358, 123, 382]","[1421, 0, 0, 0]",1,0.25,1,-0,True,True,2,32,0.14981273408239701
COMPLETE,study2,tweet_emotion,vinai/bertweet-base,lora,42,FOLLOWUP,collapse_followup_v2_pilot,baseline,b41bd79fddc3556f15d311f0fe32f42a92ddbd18085b8f32e3ae6b290e5534da,1024,374,1421,2,0.0001,none,15.849456958996598,888580,135791624,0.0065437025777082001,1.301056981086731,0.39268121041520032,0.14098029307731161,0.0981703026037999,0.25,"[558, 358, 123, 382]","[1421, 0, 0, 0]",1,0.25,1,-0,True,True,2,32,0.14981273408239701
COMPLETE,study2,tweet_emotion,vinai/bertweet-base,lora,52,FOLLOWUP,collapse_followup_v2_pilot,baseline,8eb5e4d8a91686eb3ba7a23dca61eacce0e0a728f232ab2c2d5017cddc01f3f6,1024,374,1421,2,0.0001,none,12.92793583299499,888580,135791624,0.0065437025777082001,1.2923742532730105,0.39268121041520032,0.14098029307731161,0.0981703026037999,0.25,"[558, 358, 123, 382]","[1421, 0, 0, 0]",1,0.25,1,-0,True,True,2,32,0.14981273408239701
COMPLETE,study2,tweet_emotion,vinai/bertweet-base,lora,62,FOLLOWUP,collapse_followup_v2_pilot,baseline,fd828b1e1f0d98d3713e17bf6360db84a242b8f73757cb278ab9c035ea3ce857,1024,374,1421,2,0.0001,none,13.068635499977972,888580,135791624,0.0065437025777082001,1.2957664728164673,0.39268121041520032,0.14098029307731161,0.0981703026037999,0.25,"[558, 358, 123, 382]","[1421, 0, 0, 0]",1,0.25,1,-0,True,True,2,32,0.14981273408239701
COMPLETE,study2,tweet_emotion,vinai/bertweet-base,lora,72,FOLLOWUP,collapse_followup_v2_pilot,baseline,5dfe5dc19d38e60c05618ab782798d77f13f3990ca770b1598ef4c0cbe96202c,1024,374,1421,2,0.0001,none,15.312441915972158,888580,135791624,0.0065437025777082001,1.2941783666610718,0.39268121041520032,0.14098029307731161,0.0981703026037999,0.25,"[558, 358, 123, 382]","[1421, 0, 0, 0]",1,0.25,1,-0,True,True,2,32,0.14981273408239701
COMPLETE,study2,tweet_emotion,vinai/bertweet-base,lora,82,FOLLOWUP,collapse_followup_v2_pilot,baseline,011aa6458fc1eae87c5be5a706c150f8aec7639fa3eba326ab43950c027df1f6,1024,374,1421,2,0.0001,none,12.507667624973692,888580,135791624,0.0065437025777082001,1.2927862405776978,0.39268121041520032,0.14098029307731161,0.0981703026037999,0.25,"[558, 358, 123, 382]","[1421, 0, 0, 0]",1,0.25,1,-0,True,True,2,32,0.14981273408239701
COMPLETE,study2,finance_sentiment,FacebookAI/roberta-base,adapter,42,FOLLOWUP,collapse_followup_v2_pilot,higher_lr,c1a4e38a5ec389684b14cc071bff227eb722089127dc16c8af387f3ff672f172,1024,484,484,2,0.00050000000000000001,none,15.496088416024577,1782531,125837571,0.0141653322281625,0.92953062057495117,0.59297520661157022,0.24816255944660601,0.19765840220385661,0.33333333333333331,"[61, 287, 136]","[0, 484, 0]",1,0.33333333333333331,1,-0,True,True,2,32,0.2487046632124352
COMPLETE,study2,finance_sentiment,FacebookAI/roberta-base,adapter,52,FOLLOWUP,collapse_followup_v2_pilot,higher_lr,4b681b41ef6888800baf082ccc36d28a968fb5559b6014300af71aec71e97042,1024,484,484,2,0.00050000000000000001,none,15.129974666982887,1782531,125837571,0.0141653322281625,0.92100524902343761,0.59297520661157022,0.24816255944660601,0.19765840220385661,0.33333333333333331,"[61, 287, 136]","[0, 484, 0]",1,0.33333333333333331,1,-0,True,True,2,32,0.2487046632124352
COMPLETE,study2,finance_sentiment,FacebookAI/roberta-base,adapter,62,FOLLOWUP,collapse_followup_v2_pilot,higher_lr,0a9462fe740de76dd0f32c86e35f3b32d720ce6b9f49fc46139e1327eeb968f2,1024,484,484,2,0.00050000000000000001,none,15.640516208019108,1782531,125837571,0.0141653322281625,0.91976898908615123,0.59297520661157022,0.24816255944660601,0.19765840220385661,0.33333333333333331,"[61, 287, 136]","[0, 484, 0]",1,0.33333333333333331,1,-0,True,True,2,32,0.2487046632124352
COMPLETE,study2,finance_sentiment,FacebookAI/roberta-base,adapter,72,FOLLOWUP,collapse_followup_v2_pilot,higher_lr,ed5a8878e4ca93654d60ed203c199d737375e0702fc6383647e4a5d71e25da24,1024,484,484,2,0.00050000000000000001,none,15.594604499987328,1782531,125837571,0.0141653322281625,0.91872233152389515,0.59297520661157022,0.24816255944660601,0.19765840220385661,0.33333333333333331,"[61, 287, 136]","[0, 484, 0]",1,0.33333333333333331,1,-0,True,True,2,32,0.2487046632124352
COMPLETE,study2,finance_sentiment,FacebookAI/roberta-base,adapter,82,FOLLOWUP,collapse_followup_v2_pilot,higher_lr,50715bc38fe257f6e36c027f61dc7dd43b16304854640a8a5a66c9a53300f859,1024,484,484,2,0.00050000000000000001,none,15.858050666982308,1782531,125837571,0.0141653322281625,0.91713559627532959,0.59297520661157022,0.24816255944660601,0.19765840220385661,0.33333333333333331,"[61, 287, 136]","[0, 484, 0]",1,0.33333333333333331,1,-0,True,True,2,32,0.2487046632124352
COMPLETE,study2,finance_sentiment,FacebookAI/roberta-base,adapter,42,FOLLOWUP,collapse_followup_v2_pilot,higher_lr_weighted,ffda32c71fdcb41ee1bd4d13dc7edf9f2fc18ff3069e290f4683a8d0f0e90105,1024,484,484,5,0.00050000000000000001,inverse_sqrt_frequency,37.487419624987517,1782531,125837571,0.0141653322281625,0.44457811117172241,0.80991735537190035,0.80049696504470702,0.78205807200929145,0.82862933258069305,"[61, 287, 136]","[70, 250, 164]",3,1,0.51652892561983454,0.89893853944859403,False,False,5,80,0.76644793818837831
COMPLETE,study2,finance_sentiment,FacebookAI/roberta-base,adapter,52,FOLLOWUP,collapse_followup_v2_pilot,higher_lr_weighted,54f13c4906c8b6757d3d891db0ad355903d9f9dded7a5be946ebd73bbe73e390,1024,484,484,5,0.00050000000000000001,inverse_sqrt_frequency,37.844474332989193,1782531,125837571,0.0141653322281625,0.4584954679012298,0.79958677685950375,0.79819993571198955,0.77512984878369495,0.83745521399283385,"[61, 287, 136]","[75, 240, 169]",3,1,0.49586776859504123,0.91402172556673922,False,False,5,80,0.75023294263361495
COMPLETE,study2,finance_sentiment,FacebookAI/roberta-base,adapter,62,FOLLOWUP,collapse_followup_v2_pilot,higher_lr_weighted,acacd61bda53bcafb802b3d6abca534cc3482363b910c80a3ce8824626422742,1024,484,484,5,0.00050000000000000001,inverse_sqrt_frequency,37.110999124997761,1782531,125837571,0.0141653322281625,0.4370819628238678,0.80371900826446285,0.80182188446293612,0.78673796094170345,0.82557943209270912,"[61, 287, 136]","[67, 251, 166]",3,1,0.51859504132231404,0.89319298247500045,False,False,5,80,0.77976417245155805
COMPLETE,study2,finance_sentiment,FacebookAI/roberta-base,adapter,72,FOLLOWUP,collapse_followup_v2_pilot,higher_lr_weighted,73f1d170186a26fa0b806b35f508e707afb298165c6efabf45dd0fcaf153ca75,1024,484,484,5,0.00050000000000000001,inverse_sqrt_frequency,36.660800833022222,1782531,125837571,0.0141653322281625,0.44248583912849421,0.8223140495867769,0.81426814196954245,0.79808517156862735,0.83732193397150945,"[61, 287, 136]","[68, 256, 160]",3,1,0.52892561983471065,0.89069792255691005,False,False,5,80,0.77990944371844961
COMPLETE,study2,finance_sentiment,FacebookAI/roberta-base,adapter,82,FOLLOWUP,collapse_followup_v2_pilot,higher_lr_weighted,7adaf08adb23942a8acddb14d4ab008c90cfc2d3bbe03e5657aaeb7ffcef51a9,1024,484,484,5,0.00050000000000000001,inverse_sqrt_frequency,36.761571082985029,1782531,125837571,0.0141653322281625,0.45228037238121033,0.81198347107437985,0.80522643855977183,0.78593219395423874,0.833238693318191,"[61, 287, 136]","[71, 253, 160]",3,1,0.52272727272727271,0.89802147007413202,False,False,5,80,0.75698687625242245
COMPLETE,study2,finance_sentiment,FacebookAI/roberta-base,bitfit,42,FOLLOWUP,collapse_followup_v2_pilot,higher_lr_weighted,893efe9c1bbebc53bc2118f573efeb93a1c7278e9a20ec2dc16fc3198420ecc1,1024,484,484,5,0.00050000000000000001,inverse_sqrt_frequency,46.62693454202963,695043,124647939,0.0055760488747431001,0.54227274656295765,0.76446280991735505,0.74294485881611294,0.73925578848852513,0.750627200100352,"[61, 287, 136]","[69, 296, 119]",3,1,0.61157024793388415,0.84049243150880204,False,False,5,80,0.70544453826187581
COMPLETE,study2,finance_sentiment,FacebookAI/roberta-base,bitfit,52,FOLLOWUP,collapse_followup_v2_pilot,higher_lr_weighted,bf4cbfde7535d8b18bf471cb199108d920332fb9f809f387846a20d7beb0bda2,1024,484,484,5,0.00050000000000000001,inverse_sqrt_frequency,46.32829395798035,695043,124647939,0.0055760488747431001,0.75725471973419145,0.71487603305785075,0.6636862335511613,0.70176405010164555,0.64490464318474283,"[61, 287, 136]","[52, 340, 92]",3,1,0.7024793388429752,0.73123497003542925,False,False,5,80,0.68588482224845815
COMPLETE,study2,finance_sentiment,FacebookAI/roberta-base,bitfit,62,FOLLOWUP,collapse_followup_v2_pilot,higher_lr_weighted,387dfaf7cfb30d9c07701ee9cb15e09df5e5d6525d8553fdd2bfee947c5bb99f,1024,484,484,5,0.00050000000000000001,inverse_sqrt_frequency,46.072051334020216,695043,124647939,0.0055760488747431001,0.52242851257324185,0.77685950413223115,0.76881613380361813,0.75453868179701844,0.78641386582621842,"[61, 287, 136]","[71, 277, 136]",3,1,0.5723140495867769,0.87169493952772115,False,False,5,80,0.7179882586037446
COMPLETE,study2,finance_sentiment,FacebookAI/roberta-base,bitfit,72,FOLLOWUP,collapse_followup_v2_pilot,higher_lr_weighted,5ff107cc7dee69991b362e34f9f581dd814dae999f941d2530c2807aba61912e,1024,484,484,5,0.00050000000000000001,inverse_sqrt_frequency,46.778941249998752,695043,124647939,0.0055760488747431001,0.47039216756820662,0.80165289256198335,0.79051359437853375,0.77718582340553055,0.80636442901830863,"[61, 287, 136]","[69, 274, 141]",3,1,0.56611570247933884,0.87300875030359415,False,False,5,80,0.75041100136534311
COMPLETE,study2,finance_sentiment,FacebookAI/roberta-base,bitfit,82,FOLLOWUP,collapse_followup_v2_pilot,higher_lr_weighted,7d8f683054b351a61312fef7fd4e1678d87bbeb01d9fbaaa85f58ae5d696b92c,1024,484,484,5,0.00050000000000000001,inverse_sqrt_frequency,46.43897062499309,695043,124647939,0.0055760488747431001,0.60156530141830444,0.74380165289256195,0.71027913609751681,0.72487975329691723,0.71322199411551912,"[61, 287, 136]","[68, 324, 92]",3,1,0.66942148760330555,0.78280032366538455,False,False,5,80,0.68109070597432841
COMPLETE,study2,tweet_emotion,FacebookAI/roberta-base,bitfit,42,FOLLOWUP,collapse_followup_v2_pilot,higher_lr_weighted,92d68e6d604439313c3fb2f46647976e774af9dbd99afdab613274ff5df9584b,1024,374,1421,5,0.00050000000000000001,inverse_sqrt_frequency,34.85268112499034,695812,124648708,0.0055821838121257001,0.81916499137878385,0.73187895847994355,0.67718501520891583,0.69825723283718555,0.66468966805680663,"[558, 358, 123, 382]","[623, 350, 87, 361]",4,1,0.43842364532019701,0.88418930353399505,False,False,5,80,0.66203451666559454
COMPLETE,study2,tweet_emotion,FacebookAI/roberta-base,bitfit,52,FOLLOWUP,collapse_followup_v2_pilot,higher_lr_weighted,e95ed5eb494bcd1787a794e8d49ba5b49e71a321231626ad4b590b0f6f45d1b0,1024,374,1421,5,0.00050000000000000001,inverse_sqrt_frequency,35.075517499994021,695812,124648708,0.0055821838121257001,0.7522091269493103,0.7480647431386348,0.7062275912266831,0.71777006584428005,0.69769288940876173,"[558, 358, 123, 382]","[588, 361, 101, 371]",4,1,0.4137931034482758,0.90296134926449356,False,False,5,80,0.65890953782450135
COMPLETE,study2,tweet_emotion,FacebookAI/roberta-base,bitfit,62,FOLLOWUP,collapse_followup_v2_pilot,higher_lr_weighted,2048e0719c408e437b2e9202d2649435d73d48d5eefe6e82539eea5dcdbf7733,1024,374,1421,5,0.00050000000000000001,inverse_sqrt_frequency,34.925649499986321,695812,124648708,0.0055821838121257001,0.74867689609527555,0.74595355383532724,0.69880766864577071,0.72353252780730681,0.68546881137645632,"[558, 358, 123, 382]","[594, 373, 82, 372]",4,1,0.41801548205489092,0.88808969519432135,False,False,5,80,0.65408156308744425
COMPLETE,study2,tweet_emotion,FacebookAI/roberta-base,bitfit,72,FOLLOWUP,collapse_followup_v2_pilot,higher_lr_weighted,a3849cf7bc69fb66cc2aedb2eef2911999250d8b31b455fd9aa4566937584072,1024,374,1421,5,0.00050000000000000001,inverse_sqrt_frequency,34.828744083002675,695812,124648708,0.0055821838121257001,0.80677217245101895,0.73610133708655845,0.68544635061293135,0.72119772184481645,0.66940321017953264,"[558, 358, 123, 382]","[599, 367, 71, 384]",4,1,0.42153413089373681,0.87794110785654211,False,False,5,80,0.66125614250614251
COMPLETE,study2,tweet_emotion,FacebookAI/roberta-base,bitfit,82,FOLLOWUP,collapse_followup_v2_pilot,higher_lr_weighted,54031f5cf710d7f4428041a6de5cd7de5979ebb1bc3d9181bcf88872227f8d0f,1024,374,1421,5,0.00050000000000000001,inverse_sqrt_frequency,34.884436708001886,695812,124648708,0.0055821838121257001,0.80174869298934925,0.72836030964109755,0.68021304594192655,0.71104608948560333,0.66418361695149142,"[558, 358, 123, 382]","[608, 347, 77, 389]",4,1,0.42786769880365932,0.88013362762579095,False,False,5,80,0.64776863854708155
COMPLETE,study2,tweet_emotion,vinai/bertweet-base,lora,42,FOLLOWUP,collapse_followup_v2_pilot,higher_lr_weighted,c51468cf8259b5d6c2a5a9cf2d6904d5e703a22a4bde5fe5e78fbc988d1cef05,1024,374,1421,5,0.00029999999999990001,inverse_sqrt_frequency,31.327796416997444,888580,135791624,0.0065437025777082001,1.0278116464614868,0.67558057705840935,0.57767303558092142,0.71020464022081164,0.57089588259159185,"[558, 358, 123, 382]","[621, 402, 22, 376]",4,1,0.43701618578465862,0.81893767956169261,False,False,5,80,0.56057160764701675
COMPLETE,study2,tweet_emotion,vinai/bertweet-base,lora,52,FOLLOWUP,collapse_followup_v2_pilot,higher_lr_weighted,2050722e762174c8cf67a8f38629db12e475fe5543d62ef4dfcae341e236facd,1024,374,1421,5,0.00029999999999990001,inverse_sqrt_frequency,18.690712291980159,888580,135791624,0.0065437025777082001,1.3294415473937988,0.4736101337086559,0.36564932100152081,0.35062083700409402,0.38514637062309443,"[558, 358, 123, 382]","[524, 438, 0, 459]",3,0.75,0.3687543983110485,0.79035344476640235,False,False,3,48,0.36968680009096822
COMPLETE,study2,tweet_emotion,vinai/bertweet-base,lora,62,FOLLOWUP,collapse_followup_v2_pilot,higher_lr_weighted,d31f20877ed52242e50b2740e7b2c4c51ca2826a1cf683ce75bbf25b9e3f24f4,1024,374,1421,5,0.00029999999999990001,inverse_sqrt_frequency,29.863647541962564,888580,135791624,0.0065437025777082001,1.0178436040878296,0.67769176636171713,0.56874931810117402,0.71760906778521882,0.56700387813768893,"[558, 358, 123, 382]","[636, 405, 17, 363]",4,1,0.4475721323011963,0.80728514504284754,False,False,5,80,0.53821755286847361
COMPLETE,study2,tweet_emotion,vinai/bertweet-base,lora,72,FOLLOWUP,collapse_followup_v2_pilot,higher_lr_weighted,2dbc9b9b3c2e4af17e3777788146f1b9997b651f75152cb423c22d2b48793f72,1024,374,1421,5,0.00029999999999990001,inverse_sqrt_frequency,18.399013791990001,888580,135791624,0.0065437025777082001,1.3362283706665039,0.46516537649542572,0.2975009926718773,0.34368186565946002,0.33124438932180811,"[558, 358, 123, 382]","[1077, 147, 0, 197]",3,0.75,0.75791695988740315,0.51843395838706074,False,False,3,48,0.3135080222864563
COMPLETE,study2,tweet_emotion,vinai/bertweet-base,lora,82,FOLLOWUP,collapse_followup_v2_pilot,higher_lr_weighted,1b7d5474337899b956b99477a9770adfb71b7865dcfbac5fc2f3c6dbd0b665e3,1024,374,1421,5,0.00029999999999990001,inverse_sqrt_frequency,18.187485083006319,888580,135791624,0.0065437025777082001,1.3395078182220459,0.4926108374384236,0.35610781996007962,0.3556121510531689,0.37573069205956222,"[558, 358, 123, 382]","[788, 226, 0, 407]",3,0.75,0.55453905700211115,0.70510915367001104,False,False,3,48,0.3628753314705111
COMPLETE,study2,finance_sentiment,FacebookAI/roberta-base,adapter,42,FOLLOWUP,collapse_followup_v2_pilot,longer,d54a26d4fef65d96deee8b9584e419fd39ceab550c5ef05b7a428f9373235e68,1024,484,484,5,0.0001,none,21.993941291992087,1782531,125837571,0.0141653322281625,0.93844747543334961,0.59297520661157022,0.24816255944660601,0.19765840220385661,0.33333333333333331,"[61, 287, 136]","[0, 484, 0]",1,0.33333333333333331,1,-0,True,True,3,48,0.2487046632124352
COMPLETE,study2,finance_sentiment,FacebookAI/roberta-base,adapter,52,FOLLOWUP,collapse_followup_v2_pilot,longer,0cf77c269abf4248efcc2b270307f35170d197bf726d86d772b5e7e02e800431,1024,484,484,5,0.0001,none,22.126163250009995,1782531,125837571,0.0141653322281625,0.93676823377609242,0.59297520661157022,0.24816255944660601,0.19765840220385661,0.33333333333333331,"[61, 287, 136]","[0, 484, 0]",1,0.33333333333333331,1,-0,True,True,3,48,0.2487046632124352
COMPLETE,study2,finance_sentiment,FacebookAI/roberta-base,adapter,62,FOLLOWUP,collapse_followup_v2_pilot,longer,addf7baed45eb356ee6034fc9997fac496447a0a88299f87618d1f78f507dc1a,1024,484,484,5,0.0001,none,21.922877167002294,1782531,125837571,0.0141653322281625,0.93721860647201516,0.59297520661157022,0.24816255944660601,0.19765840220385661,0.33333333333333331,"[61, 287, 136]","[0, 484, 0]",1,0.33333333333333331,1,-0,True,True,3,48,0.2487046632124352
COMPLETE,study2,finance_sentiment,FacebookAI/roberta-base,adapter,72,FOLLOWUP,collapse_followup_v2_pilot,longer,841eea6de61ba4690455bf9d3da851d0759aab83600464fbbb00c00cc844888b,1024,484,484,5,0.0001,none,22.267805167008191,1782531,125837571,0.0141653322281625,0.93267029523849476,0.59297520661157022,0.24816255944660601,0.19765840220385661,0.33333333333333331,"[61, 287, 136]","[0, 484, 0]",1,0.33333333333333331,1,-0,True,True,3,48,0.2487046632124352
COMPLETE,study2,finance_sentiment,FacebookAI/roberta-base,adapter,82,FOLLOWUP,collapse_followup_v2_pilot,longer,9aef9fb9ecccc38441ae462025e7e652e9bae4e132023abd0d9e5a944b0ff7ce,1024,484,484,5,0.0001,none,22.737300625012718,1782531,125837571,0.0141653322281625,0.93135327100753784,0.59297520661157022,0.24816255944660601,0.19765840220385661,0.33333333333333331,"[61, 287, 136]","[0, 484, 0]",1,0.33333333333333331,1,-0,True,True,3,48,0.2487046632124352
COMPLETE,study2,finance_sentiment,FacebookAI/roberta-base,adapter,42,FOLLOWUP,collapse_followup_v2_pilot,longer_weighted,450c38ba4a6e40e09fe9a98ec9a56990201b634aaed90b61a714c70ae77c7399,1024,484,484,5,0.0001,inverse_sqrt_frequency,23.467596707982011,1782531,125837571,0.0141653322281625,1.0480514764785769,0.59297520661157022,0.24816255944660601,0.19765840220385661,0.33333333333333331,"[61, 287, 136]","[0, 484, 0]",1,0.33333333333333331,1,-0,True,True,3,48,0.2487046632124352
COMPLETE,study2,finance_sentiment,FacebookAI/roberta-base,adapter,52,FOLLOWUP,collapse_followup_v2_pilot,longer_weighted,6f3dae1a25fd33d547a0ae85cffd7c28f751f347e82c977c40300986ac4b9192,1024,484,484,5,0.0001,inverse_sqrt_frequency,23.475772208010312,1782531,125837571,0.0141653322281625,1.0478988885879517,0.59297520661157022,0.24816255944660601,0.19765840220385661,0.33333333333333331,"[61, 287, 136]","[0, 484, 0]",1,0.33333333333333331,1,-0,True,True,3,48,0.2487046632124352
COMPLETE,study2,finance_sentiment,FacebookAI/roberta-base,adapter,62,FOLLOWUP,collapse_followup_v2_pilot,longer_weighted,49a4750ca0c734ebba072e4ead39a1dcde7277091630fe8f5a8cbe3d8648b620,1024,484,484,5,0.0001,inverse_sqrt_frequency,23.555367416993249,1782531,125837571,0.0141653322281625,1.0481688976287842,0.59297520661157022,0.24816255944660601,0.19765840220385661,0.33333333333333331,"[61, 287, 136]","[0, 484, 0]",1,0.33333333333333331,1,-0,True,True,3,48,0.2487046632124352
COMPLETE,study2,finance_sentiment,FacebookAI/roberta-base,adapter,72,FOLLOWUP,collapse_followup_v2_pilot,longer_weighted,27ab56a67cc4c4360ee228d06e2ed86ddd5ed3557776f28e61bc70a0c537fcb8,1024,484,484,5,0.0001,inverse_sqrt_frequency,23.579153749975376,1782531,125837571,0.0141653322281625,1.0471960306167605,0.59297520661157022,0.24816255944660601,0.19765840220385661,0.33333333333333331,"[61, 287, 136]","[0, 484, 0]",1,0.33333333333333331,1,-0,True,True,3,48,0.2487046632124352
COMPLETE,study2,finance_sentiment,FacebookAI/roberta-base,adapter,82,FOLLOWUP,collapse_followup_v2_pilot,longer_weighted,c54f88f2d0fd48672bb7a33ef92c731d93041a2a46f37bb47f7b398b7addd1d5,1024,484,484,5,0.0001,inverse_sqrt_frequency,24.180932707968168,1782531,125837571,0.0141653322281625,1.0486798286437988,0.59297520661157022,0.24816255944660601,0.19765840220385661,0.33333333333333331,"[61, 287, 136]","[0, 484, 0]",1,0.33333333333333331,1,-0,True,True,3,48,0.2487046632124352
COMPLETE,study2,finance_sentiment,FacebookAI/roberta-base,adapter,42,FOLLOWUP,collapse_followup_v2_pilot,weighted,bab7a23d6ef1b988973b0224319bd032cadb30a845c7610cf78d21292e189396,1024,484,484,2,0.0001,inverse_sqrt_frequency,16.266623708012048,1782531,125837571,0.0141653322281625,1.0483261346817017,0.59297520661157022,0.24816255944660601,0.19765840220385661,0.33333333333333331,"[61, 287, 136]","[0, 484, 0]",1,0.33333333333333331,1,-0,True,True,2,32,0.2487046632124352
COMPLETE,study2,finance_sentiment,FacebookAI/roberta-base,adapter,52,FOLLOWUP,collapse_followup_v2_pilot,weighted,e6ef7b57ae6bd76796c9564ad70604cd76e5bb64fa0759733e3a490690987f55,1024,484,484,2,0.0001,inverse_sqrt_frequency,16.332559791044332,1782531,125837571,0.0141653322281625,1.0483627319335938,0.59297520661157022,0.24816255944660601,0.19765840220385661,0.33333333333333331,"[61, 287, 136]","[0, 484, 0]",1,0.33333333333333331,1,-0,True,True,2,32,0.2487046632124352
COMPLETE,study2,finance_sentiment,FacebookAI/roberta-base,adapter,62,FOLLOWUP,collapse_followup_v2_pilot,weighted,3f18bfb61ad9852ef35eab8d02f22ba307687bb2b5afb46f8168fe61b713b9fb,1024,484,484,2,0.0001,inverse_sqrt_frequency,16.010915958962869,1782531,125837571,0.0141653322281625,1.0477752685546875,0.59297520661157022,0.24816255944660601,0.19765840220385661,0.33333333333333331,"[61, 287, 136]","[0, 484, 0]",1,0.33333333333333331,1,-0,True,True,2,32,0.2487046632124352
COMPLETE,study2,finance_sentiment,FacebookAI/roberta-base,adapter,72,FOLLOWUP,collapse_followup_v2_pilot,weighted,ebc5ed1e397e9e2c2e33e16527962a521dea78d540f9d6ac4afd82101416a3cd,1024,484,484,2,0.0001,inverse_sqrt_frequency,16.226294416002929,1782531,125837571,0.0141653322281625,1.0473690032958984,0.59297520661157022,0.24816255944660601,0.19765840220385661,0.33333333333333331,"[61, 287, 136]","[0, 484, 0]",1,0.33333333333333331,1,-0,True,True,2,32,0.2487046632124352
COMPLETE,study2,finance_sentiment,FacebookAI/roberta-base,adapter,82,FOLLOWUP,collapse_followup_v2_pilot,weighted,afc3f1fafa625d549b23bed4a44775df04a78b0f0cc056e74eeddf3d1b23ad7a,1024,484,484,2,0.0001,inverse_sqrt_frequency,16.446284833014943,1782531,125837571,0.0141653322281625,1.04826819896698,0.59297520661157022,0.24816255944660601,0.19765840220385661,0.33333333333333331,"[61, 287, 136]","[0, 484, 0]",1,0.33333333333333331,1,-0,True,True,2,32,0.2487046632124352
